<?xml version="1.0" encoding="UTF-8" standalone="yes"?>
 <app version="2">
   <name>WiiSXR</name>
   <coder>Wii64 Team, matguitarist, Daxtsu, Mystro256</coder>
   <version>Beta 2.3</version>
   <release_date>201710030000</release_date>
   <short_description>PSX Emulator for Wii</short_description>
   <long_description>

WIISXR/CUBESXR fork by Mystro256

Wii64 Team is:
General Coder - emu_kidid
Graphics &amp; Menu Coder - sepp256  
Audio &amp; Core Coder - tehpola

WiiSX is a port of PCSX to the Wii

Special Thanks to:
FIX94 - Wii U gamepad support, Wii U Pro Controller library
drmr - Graphics
shagkur/WinterMute - libogc/devkitPPC
Team Twiizers for Wii homebrew
matguitarist - USB 2.0 Support
Daxtsu - LIBWUPC support
iiiGerardoiii - WIISXR logo
   </long_description>
 </app>
